{
  "country": "India",
  "capital": "New Delhi",
  "currency": "RUPEE(INR)",
  "states": [
    {
      "name": "Andaman and Nicobar Islands",
      "capital": "Port Blair",
      "districts": [
        {
          "name": "Nicobar",
          "cities": [
            "Chowra Island",
            "Kondul Island",
            "Pulomilo",
            "Tillangchong",
            "Trinket Island"
          ]
        },
        {
          "name": "North and Middle Andaman",
          "cities": [
            "Aves Island",
            "Curlew Island",
            "Diglipur",
            "Interview Island",
            "Long Island",
            "Mayabunder",
            "Narcondam Island",
            "North Passage Island",
            "Porlob Island",
            "Rangat",
            "Smith Island",
            "Stewart Island",
            "Strait Island"
          ]
        },
        {
          "name": "South Andaman",
          "cities": [
            "Bombooflat",
            "Garacharma",
            "Hutbay",
            "Little Andaman",
            "North Cinque Island",
            "Port Blair",
            "Port Cornwallis",
            "Swaraj Island",
            "Tushnabad",
            "Viper Island"
          ]
        }
      ]
    },
    {
      "name": "Andhra Pradesh",
      "capital": "Amaravati",
      "districts": [
        {
          "name": "",
          "cities": []
        }
      ]
    },
    {
      "name": "Arunachal Pradesh",
      "capital": "Itanagar",
      "districts": [
        {
          "name": "",
          "cities": []
        }
      ]
    },
    {
      "name": "Assam",
      "capital": "Dispur",
      "districts": [
        {
          "name": "Baksa",
          "cities": ["Baksa"]
        },
        {
          "name": "Biswanath",
          "cities": ["Biswanath"]
        },
        {
          "name": "Barpeta",
          "cities": ["Barpeta"]
        },
        {
          "name": "Bongaigaon",
          "cities": ["Bongaigaon"]
        },
        {
          "name": "Cachar",
          "cities": ["Cachar"]
        },
        {
          "name": "Charaideo",
          "cities": ["Charaideo"]
        },
        {
          "name": "Chirang",
          "cities": ["Chirang"]
        },
        {
          "name": "Darrang",
          "cities": ["Darrang"]
        },
        {
          "name": "Dhemaji",
          "cities": ["Dhemaji"]
        },
        {
          "name": "Dhubri",
          "cities": ["Dhubri"]
        },
        {
          "name": "Dibrugarh",
          "cities": ["Dibrugarh"]
        },
        {
          "name": "Goalpara",
          "cities": ["Goalpara"]
        },
        {
          "name": "Golaghat",
          "cities": ["Golaghat"]
        },
        {
          "name": "Hailakandi",
          "cities": ["Hailakandi"]
        },
        {
          "name": "Hojai",
          "cities": ["Hojai"]
        },
        {
          "name": "Jorhat",
          "cities": ["Jorhat"]
        },
        {
          "name": "Kamrup",
          "cities": ["Kamrup"]
        },
        {
          "name": "Karimganj",
          "cities": ["Karimganj"]
        },
        {
          "name": "Kokrajhar",
          "cities": ["Kokrajhar"]
        },
        {
          "name": "Lakhimpur",
          "cities": ["Lakhimpur"]
        }
      ]
    },
    {
      "name": "Bihar",
      "capital": "Patna",
      "districts":[
        {
            "name":"Araria",
            "cities":[
                "Araria"
            ]
        },
        {
            "name":"Arwal",
            "cities":[
                "Arwal"
            ]
        },
        {
            "name":"Aurangabad",
            "cities":[
                "Aurangabad"
            ]
        },
        {
            "name":"Banka",
            "cities":[
                "Banka"
            ]
        },
        {
            "name":"Begusarai",
            "cities":[
                "Begusarai"
            ]
        },
        {
            "name":"Bhagalpur",
            "cities":[
                "Bhagalpur"
            ]
        },
        {
            "name":"Bhojpur",
            "cities":[
                "Bhojpur"
            ]
        },
        {
            "name":"Buxar",
            "cities":[
                "Buxar"
            ]
        },
        {
            "name":"Darbhanga",
            "cities":[
                "Darbhanga"
            ]
        },
        {
            "name":"East Champaran (Motihari)",
            "cities":[
                "East Champaran (Motihari)"
            ]
        },
        {
            "name":"Gaya",
            "cities":[
                "Gaya"
            ]
        },
        {
            "name":"Gopalganj",
            "cities":[
                "Gopalganj"
            ]
        },
        {
            "name":"Jamui",
            "cities":[
                "Jamui"
            ]
        },
        {
            "name":"Jehanabad",
            "cities":[
                "Jehanabad"
            ]
        },
        {
            "name":"Kaimur (Bhabua)",
            "cities":[
                "Kaimur (Bhabua)"
            ]
        },
        {
            "name":"Katihar",
            "cities":[
                "Katihar"
            ]
        },
        {
            "name":"Khagaria",
            "cities":[
                "Khagaria"
            ]
        },
        {
            "name":"Kishanganj",
            "cities":[
                "Kishanganj"
            ]
        },
        {
            "name":"Lakhisarai",
            "cities":[
                "Lakhisarai"
            ]
        },
        {
            "name":"Madhepura",
            "cities":[
                "Madhepura"
            ]
        },
        {
            "name":"Madhubani",
            "cities":[
                "Madhubani"
            ]
        },
        {
            "name":"Munger (Monghyr)",
            "cities":[
                "Munger (Monghyr)"
            ]
        },
        {
            "name":"Muzaffarpur",
            "cities":[
                "Muzaffarpur"
            ]
        },
        {
            "name":"Nalanda",
            "cities":[
                "Nalanda"
            ]
        },
        {
            "name":"Nawada",
            "cities":[
                "Nawada"
            ]
        },
        {
            "name":"Patna",
            "cities":[
                "Patna"
            ]
        },
        {
            "name":"Purnia (Purnea)",
            "cities":[
                "Purnia (Purnea)"
            ]
        },
        {
            "name":"Rohtas",
            "cities":[
                "Rohtas"
            ]
        },
        {
            "name":"Saharsa",
            "cities":[
                "Saharsa"
            ]
        },
        {
            "name":"Samastipur",
            "cities":[
                "Samastipur"
            ]
        },
        {
            "name":"Saran",
            "cities":[
                "Saran"
            ]
        },
        {
            "name":"Sheikhpura",
            "cities":[
                "Sheikhpura"
            ]
        },
        {
            "name":"Sheohar",
            "cities":[
                "Sheohar"
            ]
        },
        {
            "name":"Sitamarhi",
            "cities":[
                "Sitamarhi"
            ]
        },
        {
            "name":"Siwan",
            "cities":[
                "Siwan"
            ]
        },
        {
            "name":"Supaul",
            "cities":[
                "Supaul"
            ]
        },
        {
            "name":"Vaishali",
            "cities":[
                "Vaishali"
            ]
        },
        {
            "name":"West Champaran",
            "cities":[
                "West Champaran"
            ]
        }
    ]
    },
    {
      "name": "Chhattisgarh",
      "capital": "Naya Raipur",
      "districts": [
        {
          "name": "",
          "cities": []
        }
      ]
    },
    {
      "name": "Goa",
      "capital": "Panaji",
      "districts": [
        {
          "name": "",
          "cities": []
        }
      ]
    },
    {
      "name": "Gujarat",
      "capital": "Gandhinagar",
      "districts": [
        {
          "name": "",
          "cities": []
        }
      ]
    },
    {
      "name": "Haryana",
      "capital": "Chandigarh",
      "districts": [
        {
          "name": "",
          "cities": []
        }
      ]
    },
    {
      "name": "Himachal Pradesh",
      "capital": "Shimla",
      "districts": [
        {
          "name": "Bilaspur (HP)",
          "cities": [
            "Ghumarwin",
            "Jhanduta",
            "Jhandutta",
            "Jhamdutta",
            "Bilaspur",
            "Naina Devi",
            "Jhandutha",
            "Ghuamrwin",
            "Sadar",
            "Jhansdutta",
            "Jhadutta",
            "Jhandutt",
            "Blaspur",
            "Bilapur",
            "Jhandutta",
            "Sri Naina Devi Ji"
          ]
        },
        {
          "name": "Chamba",
          "cities": [
            "Chamba",
            "Dalhousie",
            "Tissa",
            "Chowari",
            "Bharmour",
            "Slooni",
            "Bhallai",
            "Holi",
            "Bhalei",
            "Sihunta",
            "Pangi",
            "Chmaba",
            "Bahrmour"
          ]
        },
        {
          "name": "Hamirpur (HP)",
          "cities": [
            "Bhoranj",
            "Hamirpur",
            "Nadaun",
            "Bhuranj",
            "Barsar",
            "SP Tira",
            "Bijhari",
            "Sujanpur",
            "S P Tira",
            "Mehre",
            "Bhorang",
            "Sujanpur Tira",
            "Bhaoranj",
            "Bamson",
            "Bijhri",
            "Tira Sujanpur"
          ]
        },
        {
          "name": "Kangra",
          "cities": [
            "Dehra",
            "Nurpur",
            "Jaiinghpur",
            "Rakkar",
            "Jawali",
            "Quasba Kotla",
            "Baijnath",
            "Sahpur",
            "Baroh",
            "Palampur",
            "Jaisinghpur",
            "Kangra",
            "Kotla",
            "Jawli",
            "Fatehpur",
            "Qusba Kotla",
            "Dharamsala",
            "Shahpur",
            "Indora",
            "Indora SO",
            "Dehra Gopipur",
            "Baijnath",
            "Khundian",
            "Qasba Kotla",
            "Kangara",
            "Harcahkian",
            "Jaisisnghpur",
            "Shapur/jawali",
            "Jasinghpur",
            "Khuandian",
            "Pala,mpur",
            "Qubsa Kotla",
            "Jainshgpur",
            "Bhawarna",
            "Lambagaon",
            "Nagrota Bagwan",
            "Nagrota Surian",
            "Noorpur",
            "Panchrukhi",
            "Pragpur",
            "Rait",
            "Sulah"
          ]
        },
        {
          "name": "Kinnaur",
          "cities": [
            "Moorang",
            "Kalpa",
            "Nichar",
            "Sangla",
            "Pooh",
            "Kapla",
            "Hangrang"
          ]
        },
        {
          "name": "Kullu",
          "cities": ["Kullu", "Banjar", "Anni", "Naggar", "Nirmand"]
        },
        {
          "name": "Lahul & Spiti",
          "cities": ["Udaipur", "Spiti", "Lahaul"]
        },
        {
          "name": "Mandi",
          "cities": [
            "Jogindernagar",
            "Sadar",
            "Karsog",
            "Mandi Sadar",
            "Sarkaghat",
            "Chachiot",
            "Thunag",
            "Sundarnagar",
            "Joginder Nagar",
            "Sadar Mandi",
            "Sundernagar",
            "Jogindr Nagar",
            "Sundr Nagar",
            "Balh",
            "Chauntra",
            "Dharmpur",
            "Drang",
            "Gohar",
            "Gopalpur",
            "Seraj"
          ]
        },
        {
          "name": "Shimla",
          "cities": [
            "Shimla",
            "Jubbal Kotkhai",
            "Rohru",
            "Kotkhai",
            "Kothkhai",
            "Theog",
            "Rampur Bushahr",
            "Chaupal",
            "Nankhari",
            "Kumarsain",
            "Suni",
            "Chopl",
            "Shimla R",
            "Chirgaon",
            "Junga",
            "Rampur",
            "Dodra Kawar",
            "Shimlar",
            "Choupal",
            "Sunni",
            "Nankahri",
            "Basantpur",
            "Chauhara",
            "Mashobra",
            "Narkanda"
          ]
        },
        {
          "name": "Sirmaur",
          "cities": [
            "Sangrah",
            "Sangarh",
            "Pachhad",
            "Shillai",
            "Paonta Sahib",
            "Nahan",
            "Shilai",
            "Rajgarh",
            "Sangah",
            "Sangarha",
            "Rajgarah",
            "Sangarah",
            "Shilla",
            "Nohra"
          ]
        },
        {
          "name": "Solan",
          "cities": [
            "Kandaghat",
            "Nalagarh",
            "Ramshahar",
            "Arki",
            "Kasauli",
            "Solan",
            "Dharampur",
            "Kunihar"
          ]
        },
        {
          "name": "Una",
          "cities": ["Una", "Amb", "Bangana", "Bharwain", "Haroli", "Gagret"]
        }
      ]
    },
    {
      "name": "Jharkhand",
      "capital": "Ranchi",
      "districts": [
        {
          "name": "",
          "cities": []
        }
      ]
    },
    {
      "name": "Karnataka",
      "capital": "Bangalore",
      "districts": [
        {
          "name": "",
          "cities": []
        }
      ]
    },
    {
      "name": "Kerala",
      "capital": "Thiruvananthapuram",
      "districts": [
        {
          "name": "Kasaragod",
          "cities": ["Kasaragod"]
        },
        {
          "name": "Kannur",
          "cities": ["Kannur"]
        },
        {
          "name": "Kozhikode",
          "cities": ["Kozhikode"]
        },
        {
          "name": "Wayanad",
          "cities": ["Wayanad"]
        },
        {
          "name": "Alappuzha",
          "cities": ["Alappuzha"]
        },
        {
          "name": "Ernakulam",
          "cities": ["Ernakulam", "Kochi"]
        },
        {
          "name": "Idukki",
          "cities": ["Idukki"]
        },
        {
          "name": "Kollam",
          "cities": ["Kollam"]
        },
        {
          "name": "Kottayam",
          "cities": ["Kottayam"]
        },
        {
          "name": "Malappuram",
          "cities": ["Malappuram"]
        },
        {
          "name": "Palakkad",
          "cities": ["Palakkad"]
        },
        {
          "name": "Pathanamthitta",
          "cities": ["Pathanamthitta"]
        },
        {
          "name": "Thiruvananthapuram",
          "cities": ["Thiruvananthapuram"]
        },
        {
          "name": "Thrissur",
          "cities": ["Thrissur"]
        }
      ]
    },
    {
      "name": "Madhya Pradesh",
      "capital": "Bhopal",
      "districts": [
        {
          "name": "",
          "cities": []
        }
      ]
    },
    {
      "name": "Maharashtra",
      "capital": "Mumbai",
      "districts": [
        {
          "name": "",
          "cities": []
        }
      ]
    },
    {
      "name": "Manipur",
      "capital": "Imphal",
      "districts": [
        {
          "name": "",
          "cities": []
        }
      ]
    },
    {
      "name": "Meghalaya",
      "capital": "Shillong",
      "districts": [
        {
          "name": "",
          "cities": []
        }
      ]
    },
    {
      "name": "Mizoram",
      "capital": "Aizawl",
      "districts": [
        {
          "name": "",
          "cities": []
        }
      ]
    },
    {
      "name": "Nagaland",
      "capital": "Kohima",
      "districts": [
        {
          "name": "",
          "cities": []
        }
      ]
    },
    {
      "name": "Odisha",
      "capital": "Bhubaneswar",
      "districts": [
        {
          "name": "",
          "cities": []
        }
      ]
    },
    {
      "name": "Punjab",
      "capital": "Chandigarh",
      "districts": [
        {
          "name": "Amritsar",
          "cities": [
            "Kathunangal",
            "Raja Sansi",
            "Ajnala",
            "Tarsikka",
            "Khem Karan",
            "Harike",
            "Amritsar",
            "Attari",
            "Dhotian",
            "Patti",
            "Khalra",
            "Chheherta",
            "Kang",
            "Majitha",
            "Fatehbad",
            "Beas",
            "Khilchian",
            "Sur Singh",
            "Chogawan",
            "Khem Karn",
            "Bhikhiwind",
            "Bundala",
            "Sathiala",
            "Kot Mit Singh",
            "Chabhal",
            "S.a. Khan",
            "Chetanpura",
            "Mehta Chowk",
            "Kot Mit Sing",
            "S.a.khan",
            "D.khasa",
            "Rayya",
            "Kathunanagal",
            "Kacha Pacca",
            "Sarhali",
            "Chawinda Devi",
            "Jandiala",
            "Jandiala Guru",
            "Verka",
            "Kairon",
            "Chamiari",
            "Ramdass",
            "Goindwal",
            "Tarn Taran",
            "Distrillery Khasa",
            "Bundalal",
            "D.b.j.singh.",
            "Preet Nagar",
            "Baba Bakala",
            "Nausher Panvan",
            "Ajnla",
            "Fatehabad",
            "Khadoor Sahib",
            "Fatehpur Rajputan",
            "Chola Sahib",
            "Naushera Panvan",
            "J.f.mills",
            "Butala",
            "Khilchaian",
            "Jandila Guru",
            "Janidiala Resistant/s",
            "Gandiwind",
            "Harsha Chhina"
          ]
        },
        {
          "name": "Barnala",
          "cities": []
        },
        {
          "name": "Bathinda",
          "cities": [
            "Goniana Mandi",
            "Phul",
            "Bareta",
            "Bathinda",
            "Bti",
            "Sangat",
            "T Sabo",
            "T.sabo",
            "Talwandi Sabo",
            "Bhucho Manda",
            "Bhucho",
            "Maur",
            "Bhai Rupa",
            "Maur Mandi",
            "Bhagta Bhai",
            "Rampura",
            "Nathana",
            "Bhagta Bhaika"
          ]
        },
        {
          "name": "Faridkot",
          "cities": ["Faridkot"]
        },
        {
          "name": "Fategarh Sahib",
          "cities": [
            "Amloh",
            "Bassi Pathana",
            "Khamanon",
            "Mandi Gobindgarh",
            "Sirhind-Fategarh"
          ]
        },
        {
          "name": "Fatzilka",
          "cities": ["Fazilka"]
        },
        {
          "name": "Firozepur",
          "cities": [
            "Abohar",
            "Jalalabad",
            "Ferozepur",
            "Zira",
            "Ferozpeur",
            "Feroeepur",
            "Aboahr",
            "Ghall Khurd",
            "Guru Har Sahai",
            "Khuian Sarwar",
            "Makhu",
            "Mamdot"
          ]
        },
        {
          "name": "Gurdaspur",
          "cities": [
            "Pathankot",
            "Batala",
            "Gurdaspur",
            "Guirdaspur",
            "Sub Tehsil Dhariwal",
            "Sub Tehsil Dharkalan",
            "Sub Tehsil Dinanagar",
            "Dhar Kalan",
            "Teh Batala, Sub The. S H G Pur",
            "Sub Tehsil Narot Jaimal Singh",
            "Bamial",
            "Dera Baba Nanak",
            "Dhariwal",
            "Dharkalan",
            "Dinanagar",
            "Dorangla",
            "Fatehgarh Churian",
            "Kahnuwan",
            "Kalanaur",
            "Narot Jaimal Singh",
            "Qadian",
            "Srihargobind Pur",
            "Sujanpur"
          ]
        },
        {
          "name": "Hoshiarpur",
          "cities": [
            "Hoshiarpur-I",
            "Hoshiar Pur",
            "Dasuya",
            "Hoshiaepur",
            "Hoshiarpur-II",
            "Bhunga",
            "Garhshankar",
            "Hajipur",
            "Mahilpur",
            "Mukerian",
            "Talwara",
            "Tanda"
          ]
        },
        {
          "name": "Jalandhar",
          "cities": [
            "Jalandhar - West",
            "Nakodar",
            "Phillaur",
            "Nakoder",
            "Nurmahal",
            "Kartarpur",
            "Jalandhar-East",
            "Adampur",
            "Bhogpur",
            "Lohian",
            "Rurka Kalan",
            "Shahkot"
          ]
        },
        {
          "name": "Kapurthala",
          "cities": [
            "Kapurthala",
            "Bholath",
            "Phagwara",
            "Sultanpur Lodhi",
            "Begowal",
            "Dhilwan",
            "Phagwara HO",
            "Kala Sanghian",
            "Kapurthala HO",
            "Nadala"
          ]
        },
        {
          "name": "Ludhiana",
          "cities": ["Ludhiana"]
        },
        {
          "name": "Mansa",
          "cities": ["Mansa"]
        },
        {
          "name": "Moga",
          "cities": [
            "Moga-I",
            "Baghapurana",
            "Dharamkot",
            "Dharmkot",
            "Nihal Singh Wala",
            "Dharmakot",
            "Baghaurana",
            "Dharakot",
            "Moga-II",
            "Kot-ise-khan"
          ]
        },
        {
          "name": "Muktsar",
          "cities": ["Lambi", "Muktsar", "Malout", "Gidderbaha", "Mutksar"]
        },
        {
          "name": "Pathankot",
          "cities": ["Pathankot"]
        },
        {
          "name": "Patiala",
          "cities": ["Patiala"]
        },
        {
          "name": "Rupnagar",
          "cities": [
            "Anandpur Sahib",
            "Chamkour Sahib",
            "Karar",
            "Majri",
            "Morindha",
            "Nurpur Bedi",
            "Rupnagar"
          ]
        },
        {
          "name": "S.A.S Nagar",
          "cities": ["S.A.S Nagar"]
        },
        {
          "name": "Sangrur",
          "cities": [
            "Ahmedagarh",
            "Sangrur",
            "Ahmaedgarh",
            "Dhuri",
            "Sunam",
            "Barnala",
            "Moonak",
            "Malerkotla",
            "Lehragaga",
            "Amargarh",
            "Tapa",
            "Chhajli",
            "Dirba",
            "Sherpur",
            "Dhunala",
            "Ladda",
            "Mehal Kalan",
            "Bhadour",
            "Sandhour",
            "Marerkotla",
            "Shaina",
            "Handaya",
            "Bhawani Garh",
            "Mahal Kalan",
            "Dhanaula",
            "Bagrian",
            "Bhwanigarh",
            "Handiaya",
            "Sandhaur",
            "Longowal",
            "Pakki Khanauri",
            "Bagrain",
            "Chajjli",
            "Tallewal",
            "Malarkotla",
            "Mehal Kalan",
            "Ahmedgarh",
            "Sehna"
          ]
        },
        {
          "name": "NawanShahar",
          "cities": [
            "Nwanshahar",
            "Nawanshahar",
            "Banga",
            "Nawanshahr",
            "Nawahshahar",
            "Aur",
            "Balachaur",
            "Saroya"
          ]
        },
        {
          "name": "Tarn Taran",
          "cities": ["Tarn Taran"]
        }
      ]
    },
    {
      "name": "Rajasthan",
      "capital": "Jaipur",
      "districts": [
        {
          "name": "",
          "cities": []
        }
      ]
    },
    {
      "name": "Sikkim",
      "capital": "Gangtok",
      "districts": [
        {
          "name": "",
          "cities": []
        }
      ]
    },
    {
      "name": "Tamil Nadu",
      "capital": "Chennai",
      "districts": [
        {
          "name": "",
          "cities": []
        }
      ]
    },
    {
      "name": "Telangana",
      "capital": "Hyderabad",
      "districts": [
        {
          "name": "",
          "cities": []
        }
      ]
    },
    {
      "name": "Tripura",
      "capital": "Agartala",
      "districts": [
        {
          "name": "",
          "cities": []
        }
      ]
    },
    {
      "name": "Uttar Pradesh",
      "capital": "Lucknow",
      "districts": [
        {
          "name": "",
          "cities": []
        }
      ]
    },
    {
      "name": "Uttarakhand",
      "capital": "Dehradun, Gairsain (Summer)",
      "districts": [
        {
          "name": "",
          "cities": []
        }
      ]
    },
    {
      "name": "West Bengal",
      "capital": "Kolkata",
      "districts": [
        {
          "name": "",
          "cities": []
        }
      ]
    },
    {
      "name": "Rajasthan",
      "capital": "Jaipur",
      "districts": [
        {
          "name": "Ajmer",
          "cities": [ 
            "Ajaysar",
            "Ajmer(M Corp.",
            "Akhri",
            "Amba Maseena",
            "Aradka",
            "Babayacha",
            "Badiya Ka Bala",
            "Balwanta",
            "Banseli",
            "Bargaon",
            "Beer",
            "Bhanwta",
            "Bhawani Khera",
            "Bhodol",
            "Boraj-Kazipura(CT)",
            "Bubani",
            "Chachiywas",
            "Chandiyawas",
            "Chawandiya",
            "Chhatri",
            "Danta",
            "Daurai(Rural)",
            "Dedula",
            "Deo Nagar",
            "Doomara",
            "Doongariya Khurd",
            "Gagwana",
            "Ganahera",
            "Gegal",
            "Ghooghra",
            "Godiyawas",
            "Goyala",
            "Gudha",
            "Gudli",
            "Guwardi",
            "Hansiyawas",
            "Hathi Khera",
            "Hatoondi",
            "Hokaran",
            "Hoshiyara",
            "Jatiya",
            "Jatli",
            "Kadel",
            "Kaklana",
            "Kawalai",
            "Kayampura",
            "Kayar",
            "Khajpura",
            "Kharekhari",
            "Khonda",
            "Khori",
            "Kishanpura",
            "Lachchipura",
            "Ladpura",
            "Leela Seori",
            "Leswa",
            "Lohagal",
            "Madarpura",
            "Magra",
            "Magri",
            "Majhewla",
            "Makarwali",
            "Miyapur",
            "Muhami(Mohami)",
            "Naharpura",
            "Nand",
            "Nareli",
            "Narwar",
            "Nolkha",
            "Oontra",
            "Padampura",
            "Palra",
            "Pushkar(M)",
            "Pushkar(Rural)",
            "Ramner Dhami",
            "Rampura Nand",
            "Rasoolpura",
            "Rewat",
            "Saradhana",
            "Sarana",
            "Sedariya",
            "Somalpur",
            "Tabeej(Rural)",
            "Tilora"
          ]
        },
        {
          "name": "Alwar", 
          "cities": [ 
          "Alwar Muncipial Council",
          "Diwakari Census Town",
          "Bhoogar Census Town",
          "Desoola Census Town"
          ]
        },
        {
          "name" : "Banswara",
          "cities": [
            "Banswara Municipality"
          ]
        },
        {
          "name" : "Bara",
          "cities": [
            "Bara Municipality"
          ]
        },

        {
          "name" : "Barmer",
          "cities": [
            "Barmer Municipality"
          ]
        },

        {
          "name" : "Bharatpur",
          "cities": [
            "Bharatpur Municipality"
          ]
        },

        {
          "name" : "Bhilwara",
          "cities": [
            "Bhilwara Municipality"
          ]
        },

        {
          "name" : "Bikaner",
          "cities": [
            "Bikaner Municipality"
          ]
        },

        {
          "name" : "Bundi",
          "cities": [
            "Bundi Municipality"
          ]
        },

        {
          "name" : "Chittorgarh",
          "cities": [
            "Chittorgarh Municipality"
          ]
        },

        {
          "name" : "Churu",
          "cities": [
            "Churu Municipality"
          ]
        },

        {
          "name" : "Dausa",
          "cities": [
            "Dausa Municipality"
          ]
        },

        {
          "name" : "Dholpur",
          "cities": [
            "Dholpur Municipality"
          ]
        },

        {
          "name" : "Dungarpur",
          "cities": [
            "Dungarpur Municipality"
          ]
        },

        {
          "name" : "Hanumangarh",
          "cities": [
            "Hanumangarh Municipality"
          ]
        },

        {
          "name" : "Jaipur",
          "cities": [
            "Jaipur Municipality"
          ]
        },

        {
          "name" : "Jaisalmer",
          "cities": [
            "Jaisalmer Municipality"
          ]
        },

        {
          "name" : "Jalore",
          "cities": [
            "Jalore Municipality"
          ]
        },

        {
          "name" : "Jhalawar",
          "cities": [
            "Jhalawar Municipality"
          ]
        },

        {
          "name" : "Jhunjhunu",
          "cities": [
            "Jhunjhnu Municipality"
          ]
        },

        {
          "name" : "Jodhpur",
          "cities": [
            "Jodhpur Municipality"
          ]
        },

        {
          "name" : "Karauli",
          "cities": [
            "Karauli Municipality"
          ]
        },

        {
          "name" : "Kota",
          "cities": [
            "Kota Municipality"
          ]
        },

        {
          "name" : "Nagaur",
          "cities": [
            "Nagaur Municipality"
          ]
        },

        {
          "name" : "Pali",
          "cities": [
            "Pali Municipality"
          ]
        },

        {
          "name" : "Pratapgarh",
          "cities": [
            "Pratapgarh Municipality"
          ]
        },

        {
          "name" : "Rajsamand",
          "cities": [
            "Rajsamand Municipality"
          ]
        },

        {
          "name" : "Sawai Madhopur",
          "cities": [
            "Sawai Madhopur Municipality"
          ]
        },

        {
          "name" : "Sikar",
          "cities": [
            "Sikar Municipality"
          ]
        },

        {
          "name" : "Sirohi",
          "cities": [
            " Sirohi Municipality"
          ]
        },

        {
          "name" : "Sri Ganganagar",
          "cities": [
            "Sri Ganganagar Muincipality"
          ]
        },

        {
          "name" : "Tonk",
          "cities": [
            "Tonk Municipality"
          ]
        },

        {
          "name" : "Udaipur",
          "cities": [
            "Udaipur Municipality"
          ]
        }
      ]
    }
  ]
}

